"word","sentiment"
"Χριστός","negative"
"αβεβαιότητα","negative"
"αγάμητος","negative"
"αγανάκτηση","negative"
"αγανακτώ","negative"
"αγάπη","positive"
"αγαπημένος","positive"
"αγαπημένη","positive"
"αγαπημένος ","positive"
"αγαπητός","positive"
"αγαπητή","positive"
"αγαπητό","positive"
"αγαπώ","positive"
"άγγελος ","positive"
"αγέλη","negative"
"αγευσία","negative"
"αγκουσεύω","negative"
"αγνός","positive"
"αγνή","positive"
"αγνό","positive"
"αγορεύω","negative"
"αγρίεμα","negative"
"αγριεύω","negative"
"αγροτοπατέρας","negative"
"άγχος","negative"
"αγωνία","negative"
"αγωνιώ","negative"
"αδειάζω ","negative"
"άδειασμα","negative"
"άδειος","negative"
"άδεια","negative"
"άδειο","negative"
"αδελφάτο","negative"
"αδελφή","positive"
"αδελφικός","positive"
"αδελφική","positive"
"αδελφικό","positive"
"αδελφός","positive"
"αδελφοσύνη","positive"
"αδελφούλης","positive"
"αδερφός","positive"
"αδερφούλης","positive"
"αδιάθετος","negative"
"αδιάθετη","negative"
"αδιάθετο","negative"
"αδιάλυτος","negative"
"αδιάλυτη","negative"
"αδιάλυτο","negative"
"αδιάντροπος","negative"
"αδιάντροπη","negative"
"αδιάντροπο","negative"
"αδιαφορία","negative"
"άδολος","positive"
"άδολη","positive"
"άδολο","positive"
"αεροβατώ","negative"
"αηδής","negative"
"αηδές","negative"
"αηδία","negative"
"αηδιάζω","negative"
"άθλος","positive"
"αιδημοσύνη","negative"
"αιδώς","negative"
"αίμα","negative"
"αιρεσιάρχης","negative"
"αισθαντικός","positive"
"αισθαντική","positive"
"αισθαντικό","positive"
"αισθαντικότητα","positive"
"αισθηματίας","positive"
"αισθηματικός","positive"
"αισθηματική","positive"
"αισθηματικό","positive"
"αισθηματικότητα","positive"
"αισθηματισμός","negative"
"αισθηματολογία","negative"
"αισθηματολόγος","negative"
"αισθηματολόγα","negative"
"αισθηματολόγο","negative"
"αισθηματολογώ","negative"
"αισθητικός","positive"
"αισθητική","positive"
"αισθητικό","positive"
"ακαλαισθησία","negative"
"ακαλαίσθητος","negative"
"ακαλαίσθητη","negative"
"ακαλαίσθητο","negative"
"ακαλλιέργητος","negative"
"ακαλλιέργητη","negative"
"ακαλλιέργητο","negative"
"άκαπνος","negative"
"άκαπνος","negative"
"άκαρδος","negative"
"άκαρδη","negative"
"άκαρδο","negative"
"ακηδεμόνευτος","negative"
"ακόρεστος","negative"
"ακόρεστη","negative"
"ακόρεστο","negative"
"ακούραστος","positive"
"ακούραστη","positive"
"ακούραστο","positive"
"ακουστικός","positive"
"ακουστική","positive"
"ακουστικό","positive"
"ακούω","positive"
"ακτινοβόλος","positive"
"ακτινοβόλα","positive"
"ακτινοβόλο","positive"
"άλαλος","negative"
"άλαλη","negative"
"άλαλο","negative"
"αλεπού","negative"
"αλευρώνω","negative"
"αλητάκι","negative"
"αλητάκος","negative"
"αλητάμπουρας","negative"
"αληταράς","negative"
"αληταριό","negative"
"αλήτης","negative"
"αλήτης","negative"
"αλητοπαρέα","negative"
"αλητοτουρίστας","negative"
"αλιεύω","negative"
"αλλαξοκωλιά","negative"
"αλλάχ","negative"
"αλληθωρίζω","negative"
"αλλόπιστος","negative"
"αλόγα","negative"
"αλογικός","negative"
"αλογική","negative"
"αλογικό","negative"
"αλογομούρης","negative"
"αλτρουιστικός","positive"
"αλτρουιστική","positive"
"αλτρουιστικό","positive"
"αλύπητος","negative"
"αλύπητη","negative"
"αλύπητο","negative"
"αλυσίδα","negative"
"αλύτρωτος","negative"
"αμάν","negative"
"αμίμητος","positive"
"αμοιβαίος","positive"
"αμοιβαία","positive"
"αμοιβαίο","positive"
"αμοιβαιότητα","positive"
"αμφιθυμία","negative"
"ανάβω","negative"
"αναγαλλιάζω","positive"
"ανάθεμα","negative"
"αναιδής","negative"
"αναιδές","negative"
"αναισθησία","negative"
"αναίσθητος","negative"
"αναίσθητη","negative"
"αναίσθητο","negative"
"αναισχυντία","negative"
"αναίσχυντος","negative"
"αναίσχυντη","negative"
"αναίσχυντο","negative"
"ανακάτεμα","negative"
"ανακατεύω","negative"
"ανακράζω","negative"
"αναλγησία","negative"
"αναλιγώνω","negative"
"άναμμα","negative"
"αναπηδώ","negative"
"αναπλάθω","positive"
"ανάπλαση","positive"
"αναπτερώνω","positive"
"αναριγώ","negative"
"αναρριπίζω","positive"
"ανασκιρτώ","negative"
"ανάστατος","negative"
"ανάστατη","negative"
"ανάστατο","negative"
"αναστατώνω","negative"
"αναστάτωση","negative"
"αναστεναγμός","negative"
"ανασφάλεια","negative"
"ανατριχιάζω","negative"
"ανατριχίλα","negative"
"άναυδος","negative"
"άναυδη","negative"
"άναυδο","negative"
"ανδραγάθημα","positive"
"ανδρείκελο","negative"
"ανειλικρινής","negative"
"ανειλικρινές","negative"
"ανεκδήλωτος","negative"
"ανεκδήλωτη","negative"
"ανεκδήλωτο","negative"
"ανεκδιήγητος","negative"
"ανεκδοτολογία","negative"
"ανέκφραστος","negative"
"ανέκφραστη","negative"
"ανέκφραστο","negative"
"ανελεήμονας","negative"
"ανελέητος","negative"
"ανελέητή","negative"
"ανελέητο","negative"
"ανεντρόπιαστος","negative"
"ανεντρόπιαστη","negative"
"ανεντρόπιαστο","negative"
"άνεση","positive"
"ανευθυνολογώ","negative"
"ανεύθυνος","negative"
"ανεύθυνη","negative"
"ανεύθυνο","negative"
"ανθρωπάκι","negative"
"ανθρωπάκος","negative"
"ανθρωπιά","positive"
"ανθρώπινος","positive"
"ανθρώπινη","positive"
"ανθρώπινο","positive"
"άνθρωπος","positive"
"ανθρωποφοβία","negative"
"ανία","negative"
"ανικανοποίητος","negative"
"ανικανοποίητη","negative"
"ανικανοποίητο","negative"
"ανόθευτος","positive"
"ανόθευτη","positive"
"ανόθευτο","positive"
"άνοια","negative"
"ανορθώνω","positive"
"άνοστος","negative"
"άνοστη","negative"
"άνοστο","negative"
"ανταποκρίνομαι","positive"
"άντες","negative"
"αντιαμερικανικός","negative"
"αντιαμερικανική","negative"
"αντιαμερικανικό","negative"
"αντιγραφέας","negative"
"αντιπάθεια","negative"
"αντιπαθώ","negative"
"αντισημιτικός","negative"
"αντισημιτική","negative"
"αντισημιτικό","negative"
"αντιστέκομαι","negative"
"αντίχριστος","negative"
"ανυπόκριτος","positive"
"ανυπόκριτη","positive"
"ανυπόκριτο","positive"
"ανυπομονησία","positive"
"ανυπομονώ","positive"
"ανώριμος","negative"
"ανώριμη","negative"
"ανώριμο","negative"
"ανώτερος","positive"
"ανώτερη","positive"
"ανώτερο","positive"
"ανωτερότητα","positive"
"αξία","positive"
"αξιολάτρευτος","positive"
"αξιολάτρευτη","positive"
"αξιολάτρευτο","positive"
"αόριστος","negative"
"αόριστη","negative"
"αόριστο","negative"
"απαίσιος","negative"
"απαίσια","negative"
"απαίσιο","negative"
"απαλύνω","positive"
"απανθρωπιά","negative"
"απανθρωποποίηση","negative"
"απάνθρωπος","negative"
"απάνθρωπη","negative"
"απάνθρωπο","negative"
"απαξάπαντες","negative"
"απελπισία","negative"
"απελπισμένος","negative"
"απελπισμένη","negative"
"απελπισμένο","negative"
"απερίγραπτος","negative"
"απερίγραπτη","negative"
"απερίγραπτο","negative"
"απεχθάνομαι","negative"
"απέχθεια","negative"
"απήδηχτος","negative"
"απλός","positive"
"απλή","positive"
"απλό","positive"
"απογοήτευση","negative"
"απογοητεύω","negative"
"αποδοκιμασία","negative"
"αποδώ","negative"
"αποζουρλαίνω","negative"
"απόλαυση","positive"
"απολειφάδι","negative"
"απονάρκωση","negative"
"άπονος","negative"
"άπονη","negative"
"άπονο","negative"
"απορφανίζω","negative"
"απόσκατα","negative"
"αποστασιοποιούμαι","negative"
"αποστέρηση","negative"
"αποστρέφομαι","negative"
"αποστροφή ","negative"
"αποτροπιασμός","negative"
"αποτυφλώνω","negative"
"αποχαιρετισμός","negative"
"αποχωρισμός","negative"
"απροίκιστος","negative"
"απύθμενος","negative"
"απύθμενη","negative"
"απύθμενο","negative"
"απώθηση","negative"
"απωθώ","negative"
"αραμπάς","negative"
"αράπακλας","negative"
"αράπης","negative"
"αραπιά","negative"
"αρβανίτης","negative"
"αρβανίτικος","negative"
"αρβύλα","negative"
"αρειμάνιος","negative"
"αρέσκομαι","positive"
"αρέσω","positive"
"αριστοκράτης","negative"
"αριστοκρατία","negative"
"αριστοκράτισσα","negative"
"αρμονία","positive"
"αρναούτης","negative"
"αρναούτικος","negative"
"αρρωστημένος","negative"
"άρρωστος","negative"
"αρρωστοφαγία","negative"
"αρχαίος","negative"
"αρχαίος","negative"
"αρχιδάτος","positive"
"αρχίδι","negative"
"αρχίδι","negative"
"αρχικλέφταρος","negative"
"αρχικλέφτης","negative"
"αρχιμασόνος","negative"
"αρχιμαφιόζος","negative"
"αρχιτέκτονας","positive"
"αρχιτεμπέλα","negative"
"αρχιτεμπέλης","negative"
"αρχιψεύτης","negative"
"αρχιψεύτρα","negative"
"αρχομανής","negative"
"αρχοντάνθρωπος","positive"
"αρχοντο-","positive"
"ασάκια","positive"
"άσεμνος","negative"
"άσεμνη","negative"
"άσεμνο","negative"
"ασκέρι","negative"
"άσος","positive"
"ασπίδα ","negative"
"άσπονδος","negative"
"ασπόνδυλος","negative"
"ασπροπρόσωπος","positive"
"ασπροπρόσωπη","positive"
"ασπροπρόσωπο","positive"
"ασπρουλιάρης","negative"
"ασσάκια","positive"
"άσσος","positive"
"αστάθεια","negative"
"άστατος","negative"
"άστατη","negative"
"άστατο","negative"
"αστοιχείωτος","negative"
"άστοργος","negative"
"άστοργη","negative"
"άστοργο","negative"
"αστράφτω","positive"
"ασυναίσθητος","negative"
"ασυναίσθητη","negative"
"ασυναίσθητο","negative"
"ασύνδετος","negative"
"ασύνδετη","negative"
"ασύνδετο","negative"
"ασφάλεια","positive"
"ασφαλής","positive"
"ασφαλές","positive"
"ασφαλίτης","negative"
"ασφυκτικός","negative"
"ασφυκτική","negative"
"ασφυκτικό","negative"
"ασφυκτιώ","negative"
"ασφυξία","negative"
"άσχημος","negative"
"άσχημη","negative"
"άσχημο","negative"
"ατάραχος","negative"
"ατάραχη","negative"
"ατάραχο","negative"
"άτεγκτος","negative"
"άτεγκτη","negative"
"άτεγκτο","negative"
"ατρόμητος","positive"
"ατρόμητη","positive"
"ατρόμητο","positive"
"άτρομος","negative"
"άτρομη","negative"
"άτρομο","negative"
"αυθαδόμουτρο","negative"
"αυλή","negative"
"αυριανισμός","negative"
"αυταπάτη","negative"
"αυτή","negative"
"αυτοϊκανοποίηση","negative"
"αυτοϊκανοποιούμαι","negative"
"αυτοκυριαρχία","positive"
"αυτοκυριαρχούμαι","positive"
"αυτός","negative"
"αυτός","negative"
"αυτός","negative"
"αυτοσεβασμός","positive"
"αυτοσυγκράτηση","positive"
"αυτοσυγκρατούμαι","positive"
"αυτοτέλεια","positive"
"αφαιρώ","negative"
"αφεντιά","negative"
"αφηνιάζω","negative"
"αφιλανθρωπία","negative"
"αφιλάνθρωπος","negative"
"αφιλάνθρωπη","negative"
"αφιλάνθρωπο","negative"
"αφιονίζω","negative"
"άφοβος","positive"
"άφοβη","positive"
"άφοβο","positive"
"αφοσίωση","positive"
"αφυπνίζω","positive"
"αφύπνιση","positive"
"αχάριστος","negative"
"αχάριστη","negative"
"αχάριστο","negative"
"αχόρταγος","negative"
"αχόρταγη","negative"
"αχόρταγο","negative"
"αχυράνθρωπος","negative"
"αψιθυμία","negative"
"βαλκάνιος","negative"
"βαραίνω","negative"
"βαρέλα","negative"
"βαρελάκι","negative"
"βαρέλι","negative"
"βαριέμαι","negative"
"βαριεστημάρα","negative"
"βαριεστημένος","negative"
"βαριεστημένη","negative"
"βαριεστημένο","negative"
"βαριεστώ","negative"
"βάρος","negative"
"βαρύμαγκας","negative"
"βαρυπενθούν","negative"
"βαρυπενθούσα","negative"
"βαρυπενθών","negative"
"βαρύς","negative"
"βαριά","negative"
"βαρύ","negative"
"βαρυστομαχιά","negative"
"βαρυστομαχιάζω","negative"
"βαφτιστικός","positive"
"βδελυγμία","negative"
"βλακεία","negative"
"βλαμμένος","negative"
"βλαμμένος","negative"
"βλαχάκι","negative"
"βλαχάρα","negative"
"βλαχιά","negative"
"βλαχο-","negative"
"βλαχοδήμαρχος","negative"
"βλάχος","negative"
"βοϊδάμαξα","negative"
"βουίζω","negative"
"βουτυρο-","negative"
"βουτυρομπεμπές","negative"
"βουτυρόπαιδο","negative"
"βρε","negative"
"βρομόπαιδο","negative"
"βρομόπαιδο","negative"
"βρομοποδαράς","negative"
"βρομοπόδαρος","negative"
"βρομοπόδαρος","negative"
"βρομόσκυλο","negative"
"βρομόχερο","negative"
"βρωμόπαιδο","negative"
"βρωμοποδαράς","negative"
"βρωμοπόδαρος","negative"
"βρωμοπόδαρος","negative"
"βρωμόχερο","negative"
"γαβγίζω","negative"
"γάβγισμα","negative"
"γαϊδουροκαβαλαρία","negative"
"γαμάω","negative"
"γαμάω","negative"
"γαμήσι","negative"
"γαμησιάτικα","negative"
"γαμιάς","negative"
"γαμιέμαι","negative"
"γαμιόλης","negative"
"γαμιόλης","negative"
"γαμπρός","negative"
"γαμπρούλης","positive"
"γαμώ","negative"
"γαμώ","negative"
"γαμώτη","negative"
"γαμώτο","negative"
"γαργαλώ","positive"
"γατάκι","negative"
"γείτσες","positive"
"γέλιο","positive"
"γεμίζω","positive"
"γενναιόφρονας","positive"
"γενναιόφρων","positive"
"γενναιόφρον","positive"
"γεράκος","positive"
"γερμανοτσολιάς","negative"
"γερομπαμπαλής","negative"
"γεροντοκόρος","negative"
"γεροξεκούτης","negative"
"γεροξούρας","negative"
"γεροπαραλυμένος","negative"
"γέρος","negative"
"γεροτράγος","negative"
"γερουσία","negative"
"γεύομαι","positive"
"γεύση","positive"
"γευστικός","positive"
"γευστική","positive"
"γευστικό","positive"
"γηροκομείο","negative"
"γιαλαντζί","negative"
"γιάνκης","negative"
"γιατάκι","positive"
"γιατροσόφι","negative"
"γιόκας","negative"
"γιουφτάκος","negative"
"γιούφτος","negative"
"γκάβακας","negative"
"γκαβός","negative"
"γκαβός","negative"
"γκαβωμάρα","negative"
"γκαβώνω","negative"
"γκάμα","positive"
"γκαμήλα","negative"
"γκαύλα","positive"
"γκεσταπίτης","negative"
"γκιαούρης","negative"
"γκιόσα","negative"
"γκλάβα","negative"
"γκομενάκιας","negative"
"γκομενιλίκι","negative"
"γκρανκάσα","negative"
"γλάστρα","negative"
"γλείφτης","negative"
"γλείφτρα","negative"
"γλείφω","negative"
"γλέντι","positive"
"γλύκα","positive"
"γλυκερός","negative"
"γλυκερή","negative"
"γλυκερό","negative"
"γλυκός","positive"
"γλυκιά","positive"
"γλυκό","positive"
"γλυκύτητα","positive"
"γνησιότητα","positive"
"γομάρι","negative"
"γραφιάς","negative"
"γραφικός","negative"
"γραφικότητα","negative"
"γριούλα","positive"
"γυαλάκιας","negative"
"γύμνια","negative"
"γυναικο-","negative"
"γυρίστρα","negative"
"γυροφέρνω","negative"
"γυφτάκι","negative"
"γυφτάκος","negative"
"γυφταριό","negative"
"γύφταρος","negative"
"γυφτιά","negative"
"γύφτος","negative"
"γωνίτσα","positive"
"δάυτος","negative"
"δείγμα","negative"
"δειγματολόγιο","negative"
"δειλός","negative"
"δειλή","negative"
"δειλό","negative"
"δέος","positive"
"δέσιμο","positive"
"δεσμώτης","negative"
"διάβολος","negative"
"διάθεση","positive"
"διαισθάνομαι","negative"
"διαίσθηση","negative"
"διαισθητικός","negative"
"διαισθητική","negative"
"διαισθητικό","negative"
"διαισθητικότητα","negative"
"διακατέχω","negative"
"διακονεύω","negative"
"διακονιά","negative"
"διαμαντικό","negative"
"διανθίζω","positive"
"διαπνέω","positive"
"διασκεδάζω","positive"
"διασπείρω","negative"
"διαστρέφω","negative"
"διαστροφή","negative"
"διαφημιστής","negative"
"διαφημιστικός","negative"
"διαχυτικός","positive"
"διαχυτική","positive"
"διαχυτικό","positive"
"διευθυντήριο","negative"
"δικολάβος","negative"
"διοπτροφόρος","negative"
"διοχετεύω","negative"
"διπλάρωμα","negative"
"διπλαρώνω","negative"
"διπλωμάτης","negative"
"διπλωματικός","negative"
"διψαλέος","negative"
"δόγμα","negative"
"δογματικός","negative"
"δοκησισοφία","negative"
"δοκησίσοφος","negative"
"δόλιος","negative"
"δονκιχοτικός","negative"
"δονκιχοτισμός","negative"
"δονκιχωτικός","negative"
"δορυφόρος","negative"
"δοσοληψία","negative"
"δοτός","negative"
"δούλα","negative"
"δουλάκι","negative"
"δουλί","negative"
"δουλικό","negative"
"δούλος","negative"
"δραπετεύω","negative"
"δράστης","negative"
"δροσερός -ή -ό","positive"
"δροσίζω","positive"
"δροσιστικός -ή -ό","positive"
"δυνατός -ή -ό","positive"
"δυσαισθησία","negative"
"δυσαρέσκεια","negative"
"δυσθυμία","negative"
"δύσπεπτος","negative"
"δυσφορία","negative"
"δυσφορώ","negative"
"δώμα","negative"
"ε","negative"
"εβραϊκός","negative"
"εβραίος","negative"
"εγκάρδιος","positive"
"εγκάρδια","positive"
"εγκάρδιο","positive"
"εγκεφαλικός","negative"
"εγκεφαλική","negative"
"εγκεφαλικό","negative"
"εγκέφαλος","negative"
"εγωίσταρος","negative"
"εγωιστής","negative"
"εδέησα","negative"
"εθελοντής","positive"
"εθελοντικός","positive"
"εθελοντική","positive"
"εθελοντικό","positive"
"ειδεχθής","negative"
"ειδεχθές","negative"
"ειδύλλιο","positive"
"ειλικρίνεια","positive"
"ειλικρινής","positive"
"ειλικρινές","positive"
"είρωνας","negative"
"ειρωνεία","negative"
"ειρωνεύομαι","negative"
"εκατοχρονίτικος","negative"
"εκδηλωτικός","positive"
"εκδηλωτική","positive"
"εκδηλωτικό","positive"
"εκδράμω","positive"
"έκθαμβος","positive"
"εκκολάπτω","negative"
"εκλεκτός","positive"
"εκλεκτή","positive"
"εκλεκτό","positive"
"εκλιπών","negative"
"εκλιπούσα","negative"
"εκλιπόν","negative"
"έκπληξη","positive"
"εκπλήσσω","positive"
"εκρήγνυμαι","negative"
"έκρηξη","negative"
"εκτεθειμένος","negative"
"εκτεθειμένη","negative"
"εκτεθειμένο","negative"
"εκτελώ","negative"
"εκτονώνω","negative"
"εκφραστικός","positive"
"εκφραστική","positive"
"εκφραστικό","positive"
"ελεγεία","positive"
"ελεημοσύνη","negative"
"έλεος","negative"
"ελέφαντας","negative"
"ελεώ","negative"
"ελίτ","negative"
"εμβρόντητος","negative"
"εμβρόντητη","negative"
"εμβρόντητο","negative"
"εμετικός","negative"
"εμετική","negative"
"εμετικό","negative"
"εμετολογία","negative"
"εμετός","negative"
"εμπάθεια","negative"
"εμπαθής","negative"
"εμπαθές","negative"
"εμπιστοσύνη","positive"
"έμπλεος","positive"
"έμπλεο","positive"
"εμπνέω","positive"
"εμποτίζω","positive"
"εμφορούμαι","positive"
"εμφυσώ","positive"
"ενάργεια","positive"
"ενδοστρέφεια","negative"
"ένθερμος","positive"
"ένθερμη","positive"
"ένθερμο","positive"
"ενθουσιασμός","positive"
"ενθυλακώνω","negative"
"ενίοτε","negative"
"ενοχή","negative"
"ενόχλημα","negative"
"ενόχληση","negative"
"ενοχλώ","negative"
"ενσπείρω","negative"
"ενσυναίσθημα","positive"
"ένταση","negative"
"έντιμος","positive"
"έντιμη","positive"
"έντιμο","positive"
"έντονος","negative"
"έντονή","negative"
"έντονο","negative"
"εξάλειψη","negative"
"έξαλλος","negative"
"έξαλλη","negative"
"έξαλλο","negative"
"εξαργυρώνω","negative"
"έξαρση","negative"
"εξάρτηση","negative"
"έξαψη","negative"
"εξηνταβελόνης","negative"
"εξουθενώνω","negative"
"εξυπνάκιας","negative"
"εξυπνάκιας","negative"
"εξυπνακίστικος","negative"
"έξυπνος","positive"
"εξυπνούλης","negative"
"εξυπνούλικα","negative"
"εξυπνούτσικος","negative"
"έξω","negative"
"εξωστρέφεια","positive"
"εξωτερίκευση","positive"
"εξωτερικεύω","positive"
"επαγγελματίας","positive"
"επεισοδιακός","negative"
"επεισοδιακή","negative"
"επεισοδιακό","negative"
"επηρεάζω","negative"
"επιβήτορας","negative"
"επίγνωση","positive"
"επιδερμικός","negative"
"επιδερμική","negative"
"επιδερμικό","negative"
"επιδρομέας","negative"
"επιθετικότητα","negative"
"επιθυμώ","positive"
"επικοινωνώ","positive"
"επιλεκτικός","positive"
"επιπόλαιος","negative"
"επιπόλαιη","negative"
"επιπόλαιο","negative"
"επιφυλακτικός","negative"
"επιφυλακτική","negative"
"επιφυλακτικό","negative"
"εποχούμενος","negative"
"επώδυνος","negative"
"επώδυνή","negative"
"επώδυνο","negative"
"εραστής","negative"
"εργατοπατέρας","negative"
"ερεθισμός","negative"
"έρημος","negative"
"ερίφης","negative"
"έρμος","negative"
"ερπετό","negative"
"ερπετό","negative"
"έρωτας","positive"
"ερωτεύομαι","positive"
"ερωτικός","positive"
"ερωτική","positive"
"ερωτικό","positive"
"ερωτο- ","negative"
"εσωστρέφεια","negative"
"ετερόκλητος","negative"
"ετοιματζίδικος","negative"
"ευαισθησία","negative"
"ευαισθητοποιώ","positive"
"ευαίσθητος","positive"
"ευαίσθητη","positive"
"ευαίσθητο","positive"
"ευαρέσκεια","positive"
"ευαρεστούμαι","positive"
"ευγένεια","positive"
"ευγενής","positive"
"ευγενές","positive"
"ευγενικός","positive"
"ευγενική","positive"
"ευγενικό","positive"
"ευγνώμονας","positive"
"ευγνωμονώ","positive"
"ευγνώμων","positive"
"ευγνώμον","positive"
"ευδοκιμώ","positive"
"ευδοκώ","positive"
"ευεξία","positive"
"εύηχος","positive"
"εύηχη","positive"
"εύηχο","positive"
"ευκαιριακός","negative"
"ευκολία","negative"
"εύκολος","negative"
"ευλαβής","positive"
"ευλαβές","positive"
"ευλογώ","positive"
"ευνουχίζω","negative"
"ευνουχισμός","negative"
"ευνούχος","negative"
"ευοσμία","positive"
"εύοσμος","positive"
"ευσεβής","positive"
"ευσεβές","positive"
"εύσημο","positive"
"ευσπλαχνίζομαι","positive"
"ευτράπελος","negative"
"ευτυχισμένος","positive"
"ευτυχισμένη","positive"
"ευτυχισμένο","positive"
"ευφορία ","positive"
"ευφροσύνη","positive"
"ευφυϊα","positive"
"ευφωνία","positive"
"εύχαρις","positive"
"ευχαρίστηση","positive"
"ευχάριστος","positive"
"ευχάριστος","positive"
"ευχάριστη","positive"
"ευχάριστο","positive"
"ευωδιά","positive"
"ευωδία","positive"
"εφετζίδικος","negative"
"εφευρετικός","positive"
"εφιάλτης","negative"
"εχθρεύομαι","negative"
"εχθρότητα","negative"
"ζαλάδα","negative"
"ζάλη","negative"
"ζεματώ","negative"
"ζερβοκουτάλα","negative"
"ζεσταίνω","positive"
"ζεστός","positive"
"ζεστή","positive"
"ζεστό","positive"
"ζηλεύω","negative"
"ζήλια","negative"
"ζηλώ","negative"
"ζο","negative"
"ζούδι","negative"
"ζουμί","negative"
"ζουμπάς","negative"
"ζούρλα","negative"
"ζωηρός","positive"
"ζωηρή","positive"
"ζωηρό","positive"
"ζώνω","negative"
"ζώο","negative"
"ζωογόνος","positive"
"ζωογόνα","positive"
"ζωογόνο","positive"
"ζωοφιλία","positive"
"ζωόφιλος","positive"
"ζωόφιλη","positive"
"ζωόφιλο","positive"
"ηθικός","positive"
"ηθική","positive"
"ηθικό","positive"
"ηλιόχαρος","positive"
"ηλιόχαρη","positive"
"ηλιόχαρο","positive"
"ήμερος","positive"
"ήμερη","positive"
"ήμερο","positive"
"ησυχία","positive"
"ήσυχος","positive"
"ήσυχη","positive"
"ήσυχο","positive"
"θάλπω","positive"
"θαλπωρή","positive"
"θαμπώνω","negative"
"θαυμάζω","positive"
"θαυμασμός","positive"
"θαυμαστής","positive"
"θαυματουργώ","positive"
"θέαμα","positive"
"θεατρίζομαι","negative"
"θεια","negative"
"θειος","negative"
"θείτσα","negative"
"θέλω","positive"
"Θεός","positive"
"θεούσα","negative"
"θεράποντας","negative"
"θερίζω","negative"
"θεριό","positive"
"θερμόαιμος","negative"
"θερμόαιμη","negative"
"θερμόαιμο","negative"
"θερμοκέφαλος","negative"
"θερμοκέφαλη","negative"
"θερμοκέφαλο","negative"
"θερμός","positive"
"θερμή","positive"
"θερμό","positive"
"θερμότητα","positive"
"θετικός","positive"
"θετική","positive"
"θετικό","positive"
"θεώμαι","negative"
"θεωρητικολογία","negative"
"θεωρητικολογώ","negative"
"θηλυκός","negative"
"θηριάκι","positive"
"θηρίο","negative"
"θλιβερός","negative"
"θλιβερή","negative"
"θλιβερό","negative"
"θλίβω","negative"
"θλιμμένος","negative"
"θλιμμένή","negative"
"θλιμμένο","negative"
"θλίψη ","negative"
"θολός","negative"
"θολή","negative"
"θολό","negative"
"θόρυβος","negative"
"θρασίμι","negative"
"θρησκευτικός","negative"
"θρησκευτική","negative"
"θρησκευτικό","negative"
"θρίλερ","negative"
"θύμηση","positive"
"θυμικό","negative"
"θυμικός","negative"
"θυμική","negative"
"θυμικό","negative"
"θυμωμένος","negative"
"θυμωμένή","negative"
"θυμωμένο","negative"
"θυμώνω","negative"
"ιδεοληψία","negative"
"ιδιοτέλεια","negative"
"ιδού","negative"
"ιερατείο","negative"
"ιερογλυφικός","negative"
"ικανοποίηση","positive"
"ικανός","positive"
"ίλιγγος","negative"
"ινστρούχτορας","negative"
"ιντελιγκέντσια","negative"
"ιπποπόταμος","negative"
"ισόβιος","negative"
"ισοβίως","negative"
"ισορροπία","positive"
"καβάλα","negative"
"καβαλικεύω","negative"
"καβαλώ","negative"
"κάθαρση","positive"
"καθηγητιλίκι","negative"
"καθηκοντολογία","negative"
"καθησυχάζω","positive"
"καθοδηγητής","negative"
"καθωσπρέπει","negative"
"καίω","negative"
"κακαρίζω","negative"
"κακόηχος ","negative"
"κακόηχη","negative"
"κακόηχο","negative"
"κακόκαρδος ","negative"
"κακόκαρδη","negative"
"κακόκαρδο","negative"
"κακός","negative"
"κακή","negative"
"κακιά","negative"
"κακό","negative"
"κακοσμία","negative"
"κακουχία","negative"
"καλαισθητικός ","positive"
"καλαισθητική","positive"
"καλαισθητικό","positive"
"καλαμοκάνης","negative"
"καλαμοπόδαρος","negative"
"καλαμπαλίκι","negative"
"καλημερούδια","positive"
"καληνυχτούδια","positive"
"καλησπερούδια","positive"
"καλλιτεχνικός ","positive"
"καλλιτεχνική","positive"
"καλλιτεχνικό","positive"
"καλλονή","positive"
"καλλονός","positive"
"κάλλος","positive"
"καλό","positive"
"καλογερεύω","negative"
"καλόγερος","negative"
"καλοδιάθετος ","positive"
"καλοδιάθετη","positive"
"καλοδιάθετο","positive"
"καλοκαιράκι","positive"
"καλόκαρδος ","positive"
"καλόκαρδη","positive"
"καλόκαρδο","positive"
"καλομαθαίνω","negative"
"καλοπερασάκιας","negative"
"καλός -ή -ό","positive"
"καλύβι","negative"
"καλύβι","negative"
"καμάκι","negative"
"καμακώνω","negative"
"καμάρι","positive"
"καμαρίλα","negative"
"καμαρώνω","positive"
"καμήλα","negative"
"καμπαρετζής","negative"
"καμπαρετζού","negative"
"κανάγιας","negative"
"κανί","negative"
"κανίβαλος","negative"
"κανονιέρης","negative"
"κανονίζω","negative"
"καούρα","negative"
"καπελαδούρα","negative"
"καπελίνο","negative"
"καπνικαρέα","negative"
"καπούλι","negative"
"κάπως","negative"
"καρα","negative"
"καρα","negative"
"καραβανάς","negative"
"καραβανσαράι","negative"
"καραβανσεράι","negative"
"καραβόσκυλος","negative"
"καραγιαπί","negative"
"καραγκιοζάκος","negative"
"καραγκιόζης","negative"
"καραγκιόζικος","negative"
"καραγκιοζιλίδικος","negative"
"καραγκιοζλίδικος","negative"
"καρακαηδόνα","negative"
"καρακάξα","negative"
"καραμπογιά","negative"
"καραπουτάνα","negative"
"καράφλα","negative"
"καράφλας","negative"
"καράφλας","negative"
"καραφλός","negative"
"καρβουνιάρης","negative"
"κάργα","negative"
"κάργας","negative"
"κάργια","negative"
"καρδιά","positive"
"καρδιο","negative"
"καρδιοχτυπώ","negative"
"καρδούλα","positive"
"καρέκλα","negative"
"καρέκλα","negative"
"καρεκλοκένταυρος","negative"
"καρεκλοκένταυρος","negative"
"καριερίστας","negative"
"καριόλης","negative"
"καριόλης","negative"
"καρκαλέτσος","negative"
"καρκινιάρης","negative"
"καρκινοφοβία","negative"
"κάρο","negative"
"καρόδρομος","negative"
"καρπαζοεισπράκτορας","negative"
"καρπαζοεισπράχτορας","negative"
"καρπουζοκέφαλος","negative"
"καρπουζοκέφαλος","negative"
"κάρφωμα","negative"
"καρφώνω","negative"
"κάστα","negative"
"καταβόθρα","negative"
"καταδικός","negative"
"κατακαίω","negative"
"κατάκαρδα","negative"
"κατακρεουργώ","negative"
"κατάκτηση","negative"
"κατακτώ","negative"
"κατακυριεύω","negative"
"καταλαβαίνω","positive"
"καταλαμβάνω","negative"
"κατάνυξη","positive"
"καταξοδεύω","negative"
"καταπίνω","negative"
"καταπνίγω","negative"
"κατάπνιξη","negative"
"καταπράυνση","positive"
"κατασβήνω","negative"
"κατασιγάζω","negative"
"κατασκευάζω","positive"
"κατασκεύασμα","negative"
"κατάσκοπος","negative"
"κατασταλάζω","positive"
"κατάστιχο","negative"
"κατατρομάζω","negative"
"καταϋποχρεώνω","negative"
"καταφέρνω","positive"
"καταχαρούμενος ","positive"
"καταχαρούμενη","positive"
"καταχαρούμενο","positive"
"κατάψυξη","negative"
"κατεργάρης","negative"
"κατευνάζω","positive"
"κατέχω","negative"
"κατίνα","negative"
"κατοικοεδρεύω","negative"
"κατουρλιάρης","negative"
"κατουρώ","negative"
"κατρουλιάρης","negative"
"κατσικοκλέφτης","negative"
"κατώτερος ","negative"
"κατώτερη","negative"
"κατώτερο","negative"
"κατωτερότητα","negative"
"κατώφλι","negative"
"καύλα","positive"
"καυλί","negative"
"καυλιάρης","negative"
"καυλιτζέκι","negative"
"καυλιτσέκι","negative"
"καυλώνω","positive"
"καύσος","negative"
"καφενόβιος","negative"
"κάψιμο","negative"
"κειμήλιο","positive"
"κεκές","negative"
"κεκράκτης","negative"
"κεκράχτης","negative"
"κελεπούρι","positive"
"κενό","negative"
"κεντρίζω","positive"
"κερασοφόρος","negative"
"κερατάς","negative"
"κερατάς","negative"
"κέρατο","negative"
"κερδίζω","positive"
"κεχαγιάς","negative"
"κηδεμονεύω","negative"
"κηδεμονία","negative"
"κιμωλία","negative"
"κίναιδος","negative"
"κινώ","positive"
"κιτρινιάρης","negative"
"κλαίω","negative"
"κλανιάρης","negative"
"κλάνω","negative"
"κλαπάτσα","negative"
"κλάσιμο","negative"
"κλειστός ","negative"
"κλειστή","negative"
"κλειστό","negative"
"κλεφτάκος","negative"
"κλεφταράς","negative"
"κλεφταρού","negative"
"κλέφτης","negative"
"κλεφτράκος","negative"
"κλεφτρού","negative"
"κλίκα","negative"
"κλινικά","negative"
"κλινικός","negative"
"κλοτσοπατινάδα","negative"
"κλωτσοπατινάδα","negative"
"κνώδαλο","negative"
"κόβω","negative"
"κοιλαράς","negative"
"κοινός ","negative"
"κοινή","negative"
"κοινό","negative"
"κοινότητα","positive"
"κοκαλιάρης","negative"
"κοκίτης","negative"
"κοκκινίζω","negative"
"κοκορομαχία","negative"
"κολέγιο","negative"
"κολλώ","negative"
"κολομπαράς","negative"
"κολούμπρα","negative"
"κόμης","negative"
"κομμάρα","negative"
"κομματόσκυλο","negative"
"κομμούνα","negative"
"κομμούνι","negative"
"κομμουνιστοσυμμορίτης","negative"
"κομπανία","negative"
"κόμπλεξ","negative"
"κομπογιαννίτης","negative"
"κονδυλοφόρος","negative"
"κοντοβράκι","negative"
"κοπάδι","negative"
"κοπρο-","negative"
"κοπρολόγος","negative"
"κοπρόσκυλο","negative"
"κοράκι","negative"
"κορδώνω","negative"
"κορεννύω","negative"
"κορεσμός","negative"
"κορμάκι","positive"
"κορμάρα","positive"
"κορμί","positive"
"κορτάκιας","negative"
"κοσμάκης","negative"
"κουδούνι","negative"
"κουιντέτο","negative"
"κουκί","negative"
"κουκί","negative"
"κουκούλωμα","negative"
"κουκουλώνω","negative"
"κουλός","negative"
"κουλός","negative"
"κουλοχέρης","negative"
"κουλτουριάρης","negative"
"κουμάσι","negative"
"κουμμούνι","negative"
"κουνιστός","negative"
"κουράδα","negative"
"κουράζω","negative"
"κουραμπιές","negative"
"κούραση","negative"
"κουρκουτιάζω","negative"
"κουστωδία","negative"
"κουταμάρα","negative"
"κουτσαμάρα","negative"
"κούτσουρο","negative"
"κουφοβράζω","negative"
"κοχλάζω","negative"
"κόψιμο","negative"
"κρασο","negative"
"κρεβατομουρμούρα","negative"
"κρέμομαι","negative"
"κρεπάρω ","negative"
"κρίση ","negative"
"κρυάδα","negative"
"κρύβω","negative"
"κρύο","negative"
"κρύος ","negative"
"κρύα","negative"
"κρύο","negative"
"κρυφοκαμαρώνω","positive"
"κρυφός ","negative"
"κρυφή","negative"
"κρυφό","negative"
"κρυώνω","negative"
"κτήνος","negative"
"κυβερνήτης","negative"
"κύκλωμα","negative"
"κυνικός  ","negative"
"κυνική","negative"
"κυνικό","negative"
"κυράτσα","negative"
"κυριαρχία","negative"
"κυριαρχώ","negative"
"κυριεύω","negative"
"κυρούλα","positive"
"κωλοβαράω","negative"
"κωλογλείφτης","negative"
"κωλογλείφω","negative"
"κωλοδάχτυλο","negative"
"κωλομέρι","negative"
"κωλοτρυπίδα","negative"
"κωλοχανείο","negative"
"κωλόχαρτο","negative"
"κωλόχαρτο","negative"
"κωλόχαρτο","negative"
"λάβρα","negative"
"λαλώ","negative"
"λαμποκοπώ","positive"
"λάμπω","positive"
"λάμψη","positive"
"λαουτζίκος","negative"
"λαουτζίκος","negative"
"λαπάς","negative"
"λάσπη","negative"
"λαχταρώ","positive"
"λείπω","negative"
"λειτούργημα","positive"
"λεπταισθησία","positive"
"λεπταίσθητος ","positive"
"λεπταίσθητη","positive"
"λεπταίσθητο","positive"
"λεπτός ","positive"
"λεπτή","positive"
"λεπτό","positive"
"λέω","positive"
"λησμονιά","negative"
"λησμονιέμαι","negative"
"λησμονώ","negative"
"λιγούρα","negative"
"λιγουρεύομαι","negative"
"λιγούρης","negative"
"λιγώνω","negative"
"λιλί","negative"
"λιμάρης","negative"
"λιμάρικος","negative"
"λιμπίζομαι","positive"
"λογάκι","negative"
"λογοκρατούμαι","negative"
"λόγος","negative"
"λογύδριο","negative"
"λόρδα","negative"
"λουλουδάκι","positive"
"λύπη","negative"
"λύπηση","negative"
"λυπητερός ","negative"
"λυπητερή","negative"
"λυπητερό","negative"
"λυπώ","negative"
"λωποδύτης","negative"
"μαγαζί","negative"
"μαγάρα","negative"
"μαγκούφης","negative"
"μαγκώνω","negative"
"μαθές","negative"
"μαθές","negative"
"μαθηματάκι","negative"
"μαθητοπατέρας","negative"
"μαθητούδι","negative"
"μαϊδανός","negative"
"μαϊμουδιάρης","negative"
"μαϊντανός","negative"
"μακάριος","negative"
"μακαρίτικος","negative"
"μακαρίως","negative"
"μακαρονάς","negative"
"μαλάκας","negative"
"μαλακισμένος","negative"
"μαλακιστήρι","negative"
"μάλαμα","positive"
"μαλλιαρισμός","negative"
"μαλλιαρός","negative"
"μαλλιάς","negative"
"μαμμωνάς","negative"
"μαμόθρεφτος","negative"
"μαμουνιάρης","negative"
"μανδαρίνος","negative"
"μανία","negative"
"μανιερισμός","negative"
"μανίκι","negative"
"μάντης","negative"
"μάντισσα","negative"
"μαντραχαλάς","negative"
"μαντράχαλος","negative"
"μαντρόσκυλο","negative"
"μαούνα","negative"
"μάπας","negative"
"μαρμαρώνω","negative"
"μασκαράς","negative"
"μασονία","negative"
"μασόνος","negative"
"μαστάρι","negative"
"μαστροχαλαστής","negative"
"ματάκιας","negative"
"μαυροτσούκαλο","negative"
"μαυροφορούσα","negative"
"μαφία","negative"
"μαφιόζικος","negative"
"μαφιόζος","negative"
"μεγαλόσχημος","negative"
"μεγαλουσιάνος","negative"
"μεδούλι","negative"
"μέθη","positive"
"μεθοκοπώ","negative"
"μεθυσμένος ","negative"
"μεθυσμένη","negative"
"μεθυσμένο","negative"
"μεθύστακας","negative"
"μεθυστικός ","positive"
"μεθυστική","positive"
"μεθυστικό","positive"
"μεθώ","positive"
"μείον","negative"
"μειονεκτικότητα","negative"
"μελαγχολία","negative"
"μελαγχολικός ","negative"
"μελαγχολική","negative"
"μελαγχολικό","negative"
"μελό","negative"
"μελοδραματισμός","negative"
"μεξιοβάρβαρος","negative"
"μεράκι","positive"
"μερακλώνω","positive"
"μεταμελούμαι","negative"
"μετανοώ","negative"
"μικροαστός","negative"
"μικρομέγαλος","negative"
"μικροπρεπής ","negative"
"μικροπρεπές","negative"
"μικρότητα","negative"
"μισάνθρωπος ","negative"
"μισάνθρωπη","negative"
"μισάνθρωπο","negative"
"μισθοφόρος","negative"
"μίσος","negative"
"μισώ","negative"
"μνημείο","positive"
"μνημειώδης","positive"
"μνησικακία","negative"
"μνησικακώ","negative"
"μόμολο","negative"
"μονάζω","negative"
"μοναξιά","negative"
"μοναρχοφασίστας","negative"
"μονιμάς","negative"
"μόνος ","negative"
"μόνη","negative"
"μόνο","negative"
"μορμολύκειο","negative"
"μορφασμός","negative"
"μουγγός ","negative"
"μουγγή","negative"
"μουγγό","negative"
"μουδιάζω","negative"
"μουλάρα","negative"
"μουλάρι","negative"
"μούλικος","negative"
"μούλος","negative"
"μουνί","negative"
"μουνί","negative"
"μουνόπανο","negative"
"μουνόπανο","negative"
"μουνόψειρα","negative"
"μούργος","negative"
"μούρη","negative"
"μουσικάντης","negative"
"μούσμουλο","negative"
"μουστόγρια","negative"
"μούτρο","negative"
"μουτρωμένος ","negative"
"μουτρωμένη","negative"
"μουτρωμένο","negative"
"μουτρώνω","negative"
"μοφρονιός","negative"
"μπα","negative"
"μπαγασάκος","negative"
"μπαγάσας","negative"
"μπαγάσικος","negative"
"μπαγκατέλα","negative"
"μπάζο","negative"
"μπαϊλντίζω","negative"
"μπαινάκης βγαινάκης","negative"
"μπακαλοτέφτερο","negative"
"μπακαλόχαρτο","negative"
"μπακατέλα","negative"
"μπαλαντέρ","negative"
"μπαλάντζας","negative"
"μπάμιας","negative"
"μπαμπαλής","negative"
"μπαμπόγερος","negative"
"μπαμπόγρια","negative"
"μπάμπω","negative"
"μπανάκι","positive"
"μπανανία","negative"
"μπασκίνας","negative"
"μπασκλάς","negative"
"μπασκλασαρία","negative"
"μπαστάρδικος","negative"
"μπάσταρδος","negative"
"μπαστουνόβλαχος","negative"
"μπατσαρία","negative"
"μπατσικό","negative"
"μπατσίνα","negative"
"μπάτσος","negative"
"μπάτσος","negative"
"μπαφιάζω","negative"
"μπαφιασμένος ","negative"
"μπαφιασμένη","negative"
"μπαφιασμένο","negative"
"μπεκρής","negative"
"μπεκροκανάτα","negative"
"μπεκρολογώ","negative"
"μπεκροπίνω","negative"
"μπεκρουλιάζω","negative"
"μπεκρούλιακας","negative"
"μπλαζέ","negative"
"μπλοκάρω","negative"
"μπούλης","negative"
"μπουμπουκάκι","positive"
"μπουμπούκι","positive"
"μπουντρούμι","negative"
"μπουρδελιάρης","negative"
"μπουρδέλο","negative"
"μπουρζουαζία","negative"
"μπουρζουάς","negative"
"μπουρτζόβλαχος","negative"
"μπουχτίζω","negative"
"μπράβο","positive"
"μπράβος","negative"
"μυξοκλαίω","negative"
"μυριάκριβος","positive"
"μυστικοσύμβουλος","negative"
"μωρέ","negative"
"μωρή","negative"
"να ","negative"
"ναός","negative"
"νάρκωση","negative"
"ναυτία","negative"
"ναυτόπουλο","negative"
"νεκροκεφαλή","negative"
"νεκρώνω","negative"
"νέκρωση","negative"
"νεροκουβαλητής","negative"
"νερόπλυμα","negative"
"νεροχύτης","negative"
"νευρικός ","negative"
"νευρική","negative"
"νευρικό","negative"
"νευρικιά","negative"
"νηφάλιος ","positive"
"νηφάλια","positive"
"νηφάλιο","positive"
"νιάνιαρο","negative"
"νιαουρίζω","negative"
"νιαούρισμα","negative"
"νιάτο","positive"
"νοσταλγώ","negative"
"νούλα","negative"
"νταντεύω","negative"
"ντελίριο","negative"
"ντενεκές","negative"
"ντερλικώνω","negative"
"ντιλετάντης","negative"
"ντορής","negative"
"ντουέτο","negative"
"ντουλάπα","negative"
"ντρέπομαι","negative"
"ντροπαλός ","negative"
"ντροπαλή","negative"
"ντροπαλό","negative"
"ντροπή","negative"
"νυκτωδία","negative"
"νυμφίδιο","negative"
"νυμφίος","negative"
"νυμφοπάζαρο","negative"
"νυστάζω","negative"
"νυσταλέος","negative"
"νυφοπάζαρο","negative"
"ξαναγεννώ","positive"
"ξάναμμα","negative"
"ξανανιώθω","positive"
"ξεβγάζω","positive"
"ξεγελώ","negative"
"ξεκουράζω","positive"
"ξεκρέμαστος ","negative"
"ξεκρέμαστη","negative"
"ξεκρέμαστο","negative"
"ξενίζω","negative"
"ξενοκίνητος","negative"
"ξενόφοβος ","negative"
"ξενόφοβη","negative"
"ξενόφοβο","negative"
"ξεπατικοτούρα","negative"
"ξεπατικώνω","negative"
"ξεπατικωτούρα","negative"
"ξεπλένω","negative"
"ξερνώ","negative"
"ξεροκόμματο","negative"
"ξερός","negative"
"ξερός ","negative"
"ξερή","negative"
"ξερός ","negative"
"ξεσκίζω","negative"
"ξεσπώ","negative"
"ξετρελαίνω","positive"
"ξεφτίλας","negative"
"ξεφτιλίζω","negative"
"ξεφτιλίζω","negative"
"ξεφτιλισμένος","negative"
"ξεχειλίζω","negative"
"ξεχνώ","negative"
"ξινίζω","negative"
"ξόανο","negative"
"ξυλιάζω","negative"
"ξυλοπόδαρος","negative"
"ξύνω","negative"
"ξυπνώ","negative"
"οθωμανικός","negative"
"οικονομίστικος","negative"
"οικοπεδοφάγος","negative"
"οικτίρω","negative"
"οίκτος","negative"
"οιστρήλατος ","positive"
"οιστρήλατη","positive"
"οιστρήλατο","positive"
"οιστρηλατώ","positive"
"οίστρος","positive"
"ολονυκτία","negative"
"ολονυχτία","negative"
"ομοιοπαθής ","negative"
"ομοιοπαθές","negative"
"ομόνοια","positive"
"ομορφονιός","negative"
"όνειρο","positive"
"οπαδός","negative"
"οπερέτα","negative"
"οργανικός ","negative"
"οργανική","negative"
"οργανικό","negative"
"ορδή","negative"
"ορδή","negative"
"ορεξάτος","positive"
"ορθολογισμός","positive"
"όρνιο","negative"
"ορφανεύω","negative"
"ορφανός","negative"
"όσκαρ","positive"
"όσφρηση","positive"
"οσφυοκάμπτης","negative"
"ούννος","negative"
"ουρακοτάγκος","negative"
"ουράνια","positive"
"ουχί","negative"
"οφίκιο","negative"
"οχετός","negative"
"όχι","negative"
"όχλος","negative"
"οχού","negative"
"παγερός ","negative"
"παγερή","negative"
"παγερό","negative"
"παγώνω","negative"
"παζάρι","negative"
"παθαίνω","negative"
"παθητικός ","negative"
"παθητική","negative"
"παθητικό","negative"
"πάθος","negative"
"παιγνιδάκι","negative"
"παιδαριώδης","negative"
"παιδί","negative"
"παιδικός","negative"
"παίζω","positive"
"παιχνίδι","positive"
"παλαβιάρης","negative"
"παλάβρας","negative"
"παλαιοημερολογίτης","negative"
"παλαιοημερολογίτικος","negative"
"παλαιοντολογικός","negative"
"παλαιοντολογικός","negative"
"παλάντζας","negative"
"παλικαράς","positive"
"παλικάρι","positive"
"παλικαριά","positive"
"παλιοπαρέα","positive"
"παλιόχαρτο","negative"
"παλληκαράς","positive"
"παλληκαριά","positive"
"παλληκαρού","positive"
"παμφάγος","positive"
"Παναγία","positive"
"πανέμορφος","positive"
"πανεπιστήμων","negative"
"πανηγύρι","negative"
"πανηγύρι","negative"
"πανηγυρίζω","positive"
"πανηγυρικός ","positive"
"πανηγυρική","positive"
"πανηγυρικό","positive"
"πανηγυρισμός","positive"
"πανηγυριτζής","negative"
"πανηγυριώτικος","negative"
"πανηγυρτζής","negative"
"πάνθεο","positive"
"πανί","negative"
"πανικός","negative"
"παντογνώστης","negative"
"παντογνώστρια","negative"
"παπαδαριό","negative"
"παρα- ","negative"
"παραγοντίζω","negative"
"παραθερίζω","positive"
"παραθερισμός","positive"
"παραίσθηση","negative"
"παραιτώ","negative"
"παρακεντές","negative"
"παράκρουση","negative"
"παράξενος ","negative"
"παράξενη","negative"
"παράξενο","negative"
"παράπονο","negative"
"παράσταση","negative"
"παράτα","negative"
"παραφέρομαι","negative"
"παραφορά","negative"
"παράφορος ","positive"
"παράφορη","positive"
"παράφορο","positive"
"παρέα","positive"
"παρείσακτος ","negative"
"παρείσακτη","negative"
"παρείσακτο","negative"
"παρεξήγηση","negative"
"παρόρμηση","negative"
"παρτάλι","negative"
"παρτσακλός","negative"
"πασαλείβω","negative"
"πασαλείφω","negative"
"πασπαρτού","negative"
"παστρικός","negative"
"πάστωμα","negative"
"πάσχω","negative"
"πατάτας","negative"
"πατέντα","positive"
"πατεντάτος","positive"
"πατέρας","positive"
"πατερούλης","positive"
"πατριωτικός ","positive"
"πατριωτική","positive"
"πατριωτικό","positive"
"πατσαβούρα","negative"
"παχυδερμία","negative"
"παχυδερμισμός","negative"
"παχύδερμος ","negative"
"παχύδερμη","negative"
"παχύδερμο","negative"
"πεζοδρόμιο","negative"
"πεθαμενατζής","negative"
"πεθαμενατζίδικο","negative"
"πείνα","negative"
"πεινάλας","negative"
"πειναλέος","negative"
"πειναλέος","negative"
"πεινώ","negative"
"πειράζω","negative"
"πεκούνια","negative"
"πενθώ","negative"
"πεντάμορφος","positive"
"πεποίθηση","positive"
"περδικούλα","positive"
"πέρδομαι","negative"
"περιβάλλω","positive"
"περιγράφω","positive"
"περίεργος ","negative"
"περίεργη","negative"
"περίεργο","negative"
"περιπαθής ","negative"
"περιπαθές","negative"
"περιποιούμαι","positive"
"περισπούδαστος","negative"
"περιττολογία","negative"
"περιφρόνηση","negative"
"πεσκέσι","negative"
"πέτρινος ","negative"
"πέτρινη","negative"
"πέτρινο","negative"
"πετρώνω","negative"
"πετσί","negative"
"πήζω","negative"
"πήξιμο","negative"
"πιατικό","negative"
"πίεση","negative"
"πίκα ","negative"
"πίκρα","negative"
"πικραίνω","negative"
"πικραμένος ","negative"
"πικραμένη","negative"
"πικραμένο","negative"
"πικρία","negative"
"πικρίζω","negative"
"πίκρισμα","negative"
"πικρός ","negative"
"πικρή","negative"
"πικρό","negative"
"πίπα","negative"
"πλάκα","negative"
"πλάκωμα","negative"
"πλακώνω","negative"
"πλάκωση","negative"
"πλαντάζω","negative"
"πλασματικός ","negative"
"πλασματική","negative"
"πλασματικό","negative"
"πλέμπα","negative"
"πλήξη","negative"
"πλήρης ","positive"
"πλήρες","positive"
"πλήττω ","negative"
"πνίγω","negative"
"ποδοσφαιροποίηση","negative"
"ποθώ","positive"
"ποίηση","positive"
"ποιόν","negative"
"ποιότητα","positive"
"πολιτικάντης","negative"
"πολιτικάντικος","negative"
"πολιτικαντισμός","negative"
"πολύξερος","negative"
"πονάω","negative"
"πονοκεφαλιάζω","negative"
"πόνος","negative"
"ποντικοκούραδο","negative"
"πορνογραφία","negative"
"πουσταράς","negative"
"πουσταριό","negative"
"πουσταριό","negative"
"πούστης","negative"
"πούστης","negative"
"πουστο-","negative"
"πουτσαράς","negative"
"πούτσος","negative"
"πραγματισμός","positive"
"πραιτοριανός","negative"
"πρακτορείο","negative"
"πρακτόρευση","negative"
"πρακτορεύω","negative"
"προαίρεση","positive"
"προαισθάνομαι","negative"
"προαίσθημα","negative"
"προαίσθηση","negative"
"προβλέπω","positive"
"πρόβλεψη","positive"
"προβολή","positive"
"προέλευση","positive"
"προκόβω","positive"
"προκομμένος","positive"
"προκοπή","positive"
"προμάντεμα","negative"
"προμαντεύω","negative"
"προμήνυμα","negative"
"προσευχή","positive"
"προσήλυτος","negative"
"προσκύνημα","negative"
"πρόσοψη","negative"
"προσπαθώ","positive"
"προσποίηση","negative"
"προσποιητός ","negative"
"προσποιητή","negative"
"προσποιητό","negative"
"προστατεύω","positive"
"προστάτης","positive"
"προστάτιδα","positive"
"προστάτις","positive"
"προστάτρια","positive"
"προσυμφωνώ","negative"
"προσφέρω","positive"
"προσωπείο","negative"
"προσωπίδα","negative"
"προφέσορας","negative"
"προφήτης","negative"
"προφήτισσα","negative"
"πρόχειρος","negative"
"πρώην","negative"
"πρωτάκι","negative"
"πρωτόγνωρος ","positive"
"πρωτόγνωρη","positive"
"πρωτόγνωρο","positive"
"πρωτοπαλίκαρο","positive"
"πύρα","positive"
"πυργοδέσποινα","negative"
"πυργοδεσπότης","negative"
"πυρετός","negative"
"πύρινος ","negative"
"πύρινη","negative"
"πύρινο","negative"
"πυρπολώ","negative"
"πυρώνω","negative"
"πύρωση","negative"
"πωρώνω","negative"
"πώρωση","positive"
"ραβασάκι","negative"
"ραγιάδικος ","negative"
"ραγιάδικη","negative"
"ραγιάδικο","negative"
"ραγιαδισμός","negative"
"ραγιάς","negative"
"ραγιάς","negative"
"ραγίζω","negative"
"ραλίστας","negative"
"ραμόλης","negative"
"ραμολί","negative"
"ραμόλι","negative"
"ραμολιμέντο","negative"
"ρεβεράντζα","negative"
"ρεβεράντζα","negative"
"ρεμπεσκές","negative"
"ρεταλάκι","negative"
"ρετάλι","negative"
"ρετσέτα","negative"
"ρημάδα","negative"
"ρημάδι","negative"
"ρητορεία","negative"
"ριγώ","negative"
"ρόδινος ","positive"
"ρόδινη","positive"
"ρόδινο","positive"
"ρομάντζα","positive"
"ρομαντικός ","positive"
"ρομαντική","positive"
"ρομαντικό","positive"
"ρομαντισμός","positive"
"ρότα","positive"
"ρουφήχτρα","negative"
"ρουφιάνος","negative"
"ρωμαίικος","positive"
"ρωμαίικος","positive"
"ρωμιά","positive"
"ρωμιός","positive"
"Ρωμιός","positive"
"ρωμιοσύνη","positive"
"σαβούρα","negative"
"σαδισμός","negative"
"σαδιστής","negative"
"σαδιστικός ","negative"
"σαδιστική","negative"
"σαδιστικό","negative"
"σαϊνι","positive"
"σακατιλίκι","negative"
"σακάτισσα","negative"
"σαλιαρίζω","negative"
"σαλιάρισμα","negative"
"σαμιαμίδι","negative"
"σαμιαμίθι","negative"
"σαντέζα","negative"
"σαπουνόπερα","negative"
"σαράβαλο","negative"
"σάρκα","negative"
"σαρκίο","negative"
"σαρξ","negative"
"σαστίζω","negative"
"σαστισμένος ","negative"
"σαστισμένη","negative"
"σαστισμένο","negative"
"σβίγκος","negative"
"σεβασμός","positive"
"σέβομαι","positive"
"σεμνύνομαι","positive"
"σέρνω","negative"
"σιγουριά","positive"
"σιγώ","negative"
"σιλικονάτος","negative"
"σινάφι","negative"
"σιροπιάζω","negative"
"σιτεμένος","negative"
"σιτεύω","negative"
"σιχαίνομαι","negative"
"σιχαμάρα","negative"
"σιχασιά","negative"
"σιωπή","negative"
"σιωπώ","negative"
"σκανδαλίζω","negative"
"σκανδαλιστικός ","negative"
"σκανδαλιστική","negative"
"σκανδαλιστικό","negative"
"σκασμός","negative"
"σκατά","negative"
"σκατάκια","negative"
"σκατένιος","negative"
"σκατής","negative"
"σκατίλα","negative"
"σκατό","negative"
"σκατό","negative"
"σκατόγερος","negative"
"σκατόγρια","negative"
"σκατοδουλειά","negative"
"σκατόλογα","negative"
"σκατούλα","negative"
"σκατουλάκι","negative"
"σκατούλι","negative"
"σκατουλίτσα","negative"
"σκατώνω","negative"
"σκάω","negative"
"σκελετός","negative"
"σκίρτημα","positive"
"σκιρτώ","positive"
"σκλαβιά","negative"
"σκλάβος","negative"
"σκοτίζω","negative"
"σκουριάζω","negative"
"σκυλάραπας","negative"
"σκυλί","positive"
"σκυλο-","negative"
"σκυλολόι","negative"
"σκυλομούρης","negative"
"σμπαραλιάζω","negative"
"σόι","negative"
"σοκάρω","negative"
"σουαρέ","negative"
"σουβλιά","negative"
"σουλιμάς","negative"
"σουρεάλ","negative"
"σουρεαλιστικός","negative"
"σουτ","negative"
"σουτάρω","negative"
"σουφραζέτα","negative"
"σοφία","positive"
"σοφολογιότατος","positive"
"σπαράζω","negative"
"σπαραξικάρδιος","negative"
"σπαραχτικός ","negative"
"σπαραχτική","negative"
"σπαραχτικό","negative"
"σπίτι","positive"
"σπιτώνω","negative"
"σπλαχνικός  ","positive"
"σπλαχνική","positive"
"σπλαχνικό","positive"
"σπλάχνο","positive"
"σπουδαιολόγημα","negative"
"σπουδαιολογία","negative"
"σπουδαίος","positive"
"στατικός","negative"
"στατική","negative"
"στατικό","negative"
"σταχτοπούτα","negative"
"στέγνα","negative"
"στεγνός ","negative"
"στεγνή","negative"
"στεγνό","negative"
"στεγνώνω","negative"
"στέκα","negative"
"στενάχωρος ","negative"
"στενάχωρη","negative"
"στενάχωρο","negative"
"στενοχωρημένος ","negative"
"στενοχωρημένη","negative"
"στενοχωρημένο","negative"
"στενοχώρια","negative"
"στενόχωρος ","negative"
"στενόχωρη","negative"
"στενόχωρο","negative"
"στενοχωρώ","negative"
"στερεότυπος  ","negative"
"στερεότυπη","negative"
"στερεότυπο","negative"
"στέρηση","negative"
"στεριά","positive"
"στερώ","negative"
"στηθοκοπιέμαι","negative"
"στιλιζάρισμα","negative"
"στιλιζάρω","negative"
"στίφη","negative"
"στίφη","negative"
"στολίδι","positive"
"στομάχι","negative"
"στόμωμα","negative"
"στοργή","positive"
"στοργικός ","positive"
"στοργική","positive"
"στοργικό","positive"
"στούμπος","negative"
"στουμπώνω","negative"
"στουπί","negative"
"στουρνάρι","negative"
"στούρνος","negative"
"στραβάδι","negative"
"στραβοκάνης","negative"
"στραβοκατινιάζω","negative"
"στραβός","negative"
"στραβούλιακας","negative"
"στραβωμάρα","negative"
"στραγγαλίζω","negative"
"στρατιωτάκι","negative"
"στρατιώτης","negative"
"στρατιωτίνα","negative"
"στρατολογία","negative"
"στρατός","negative"
"στρεβλός ","negative"
"στρεβλή","negative"
"στρεβλό","negative"
"στρογγυλοκάθομαι","negative"
"στυγνός ","negative"
"στυγνή","negative"
"στυγνό","negative"
"στυφός ","negative"
"στυφή","negative"
"στυφό","negative"
"συγγενής","positive"
"συγκεχυμένος ","negative"
"συγκεχυμένη","negative"
"συγκεχυμένο","negative"
"συγκίνηση","positive"
"συγκινώ","positive"
"σύγκρυο","negative"
"συγχωρώ","positive"
"συλλυπούμαι","negative"
"συμβία","negative"
"συμβολισμός","positive"
"συμμερίζομαι","positive"
"συμμετέχω","positive"
"συμμετοχή","positive"
"συμμορίτης","negative"
"συμμορίτισσα","negative"
"συμμοριτοπόλεμος","negative"
"συμπάθεια","positive"
"συμπαθής ","positive"
"συμπαθές","positive"
"συμπαθητικός  ","positive"
"συμπαθητική","positive"
"συμπαθητικό","positive"
"συμπαθώ","positive"
"συμπάσχω","positive"
"σύμπλεγμα","negative"
"συμπόνια","positive"
"συμπονώ","positive"
"σύμπραξη","positive"
"σύμπτωμα","negative"
"συμφυής ","positive"
"συμφυές","positive"
"συναγωνίζομαι","positive"
"συναισθάνομαι","positive"
"συναίσθημα","positive"
"συναισθηματικός ","positive"
"συναισθηματική","positive"
"συναισθηματικό","positive"
"συναισθηματικότητα","positive"
"συναισθηματισμός","positive"
"συναίσθηση","positive"
"συναισθησία","positive"
"συνδεδεμένος ","positive"
"συνδεδεμένη","positive"
"συνδεδεμένο","positive"
"σύνδεσμος","positive"
"συνδέω","positive"
"συνείδηση","positive"
"συνειδητός ","negative"
"συνειδητή","negative"
"συνειδητό","negative"
"συνειρμός","negative"
"συνεπαίρνω","positive"
"συνεσταλμένος","negative"
"συνεσταλμένη","negative"
"συνεσταλμένο","negative"
"συνεταιράκι","positive"
"συνεταιράκι","positive"
"συνετός ","positive"
"συνετή","positive"
"συνετό","positive"
"σύνθημα","positive"
"σύννεφο","negative"
"συνοδοιπόρος","positive"
"συνοικέσιο","negative"
"συνομοταξία","negative"
"συνταγή","negative"
"συνταξιούχος","negative"
"συντετριμμένος ","negative"
"συντετριμμένη","negative"
"συντετριμμένο","negative"
"συντεχνία","negative"
"συντεχνιακός","negative"
"συντηρητικός","negative"
"συντροφεύω","positive"
"συντρόφι","negative"
"συντρόφι","negative"
"συντρόφισσα","negative"
"συντρόφισσα","negative"
"σύντροφος","positive"
"σύντροφος","positive"
"σύντροφος","positive"
"συρφετός","negative"
"συστέλλομαι","negative"
"συστηματικός","positive"
"σφίγγω","negative"
"σφίξιμο","negative"
"σφουγγαρόπανο","negative"
"σφυρίζω","negative"
"σφυροκοπώ","negative"
"σχετικός ","positive"
"σχετική","positive"
"σχετικό","positive"
"σχολαστικός","negative"
"σωσίβιο","positive"
"σώφρων ","positive"
"σώφρον","positive"
"ταβερνείο","negative"
"ταβερνόβιος","negative"
"ταδόπουλος","negative"
"ταλέντο","positive"
"τάμα","positive"
"τάξη","positive"
"ταξιδάκι","positive"
"ταξίδι","positive"
"ταρατατζούμ","negative"
"ταρίφα","negative"
"ταρίφας","negative"
"τέλειος","positive"
"τεμπελόσκυλο","negative"
"τενεκές","negative"
"τέρμινο","negative"
"τέρψη","positive"
"τερψιλαρύγγια","negative"
"τέτοιος","negative"
"τεφτέρι","negative"
"τεχνηέντως","negative"
"τεχνηέντως","negative"
"τεχνοκράτης","negative"
"τζιτζιφιόγκος","negative"
"τζοβαϊρι","positive"
"τζόβενο","negative"
"τζόβενο","negative"
"τηλεγραφόξυλο","negative"
"τιτίζης","negative"
"τομάρι","negative"
"τομάρι","negative"
"τοποτηρητής","negative"
"τουβούλα","negative"
"τουβούλα","negative"
"τουρκαλάς","negative"
"τουρκιά","negative"
"τουρκομερίτης","negative"
"τουρκομπαρόκ","negative"
"τουρκόσπορος","negative"
"τουρλώνω","negative"
"τράβηγμα","negative"
"τραβώ","negative"
"τραγικός ","negative"
"τραγική","negative"
"τραγικό","negative"
"τραγογενής","negative"
"τραγόπαπας","negative"
"τράγος","negative"
"τραλαλά","negative"
"τραμπάκουλο","negative"
"τρελάδικο","negative"
"τρελογιατρός","negative"
"τρελός ","negative"
"τρελή","negative"
"τρελό","negative"
"τρεμάμενος ","negative"
"τρεμάμενη","negative"
"τρεμάμενο","negative"
"τρέφω","positive"
"τρίο","negative"
"τριτοκοσμικός","negative"
"τρίχα","negative"
"τριχοτόμηση","negative"
"τρομάζω","negative"
"τρυγόνα","positive"
"τρυγονάκι","positive"
"τρυγόνι","positive"
"τρύπα","negative"
"τρυπώ","negative"
"τρυφερός ","positive"
"τρυφερή","positive"
"τρυφερό","positive"
"τρυφερότητα","positive"
"τσαγκαροδευτέρα","negative"
"τσακίδια","negative"
"τσακίζω","negative"
"τσαρλατάνος","negative"
"τσιγγαναριό","negative"
"τσιγγάνος","negative"
"τσιμεντούπολη","negative"
"τσιμπούκι","negative"
"τσιράκι","negative"
"τσομπάνης","negative"
"τσομπάνος","negative"
"τσοπάνης","negative"
"τσοπάνος","negative"
"τσουλούφι","negative"
"τσούρμο","negative"
"τσουτσέκι","negative"
"τυπικούρα","negative"
"τυπικούρας","negative"
"τυπολάτρης","negative"
"τυποποίηση","negative"
"τυρόγαλο","negative"
"τύφλα","negative"
"τυφλοσούρτης","negative"
"τυφλώνω","negative"
"τυχεράκιας","positive"
"τυχερός","positive"
"τυχερούλης","positive"
"τύψη","negative"
"ύβρις","negative"
"ύμνος","positive"
"ύπανδρος","negative"
"υπάνθρωπος","negative"
"υπάνθρωπος","negative"
"υπερηφάνεια","positive"
"υπερηφανεύομαι","positive"
"υπερήφανος","positive"
"υπερήφανη","positive"
"υπερήφανο","positive"
"υπεροχή","positive"
"υπερφίαλος","negative"
"υπερφίαλη","negative"
"υπερφίαλο","negative"
"υπεύθυνος ","positive"
"υπεύθυνη","positive"
"υπεύθυνο","positive"
"υπευθυνότητα","positive"
"υπνηλία","negative"
"υπόβαθρο","positive"
"υποδέχομαι","positive"
"υποκείμενο","negative"
"υποκρίνομαι","negative"
"υποκριτής","negative"
"υπονοούμενο","negative"
"υποφέρω","negative"
"υποχρεώνω","negative"
"υποχρέωση","negative"
"υποχρεωτικός ","negative"
"υποχρεωτική","negative"
"υποχρεωτικό","negative"
"υποχωρώ","negative"
"υστερία","negative"
"υψηλόφρων ","positive"
"υψηλόφρον","positive"
"φακιδιάρης","negative"
"φαντάζω","positive"
"φάρα","negative"
"φαρμακοτρίφτης","negative"
"φασισταριό","negative"
"φασιστοειδής","negative"
"φασιστόμουτρο","negative"
"φερέφωνο","negative"
"φθόνος","negative"
"φθονώ","negative"
"φίδι","negative"
"φιλανθρωπία","positive"
"φιλάνθρωπος ","positive"
"φιλάνθρωπη","positive"
"φιλάνθρωπο","positive"
"φιλία","positive"
"φιλοαμερικανικός ","negative"
"φιλοαμερικανική","negative"
"φιλοαμερικανικό","negative"
"φιλολογίζων","negative"
"φιλοξενώ","positive"
"φιλοπατρία","positive"
"φίλος ","positive"
"φίλη","positive"
"φίλο","positive"
"φιλοτομαρισμός","negative"
"φιλοτομαριστής","negative"
"φιόγκος","negative"
"φλέγμα ","negative"
"φλεγματικός ","negative"
"φλεγματική","negative"
"φλεγματικό","negative"
"φλέγομαι","negative"
"φλογίζω","negative"
"φλόγισμα","negative"
"φοβάμαι","negative"
"φόβος","negative"
"φοιτηταριό","negative"
"φοιτητοπατέρας","negative"
"φοράδα","negative"
"φορτίζω","negative"
"φορτίο","negative"
"φόρτιση","negative"
"φουκαράς","negative"
"φουκαρατζίκος","negative"
"φούντωση","negative"
"φουσκοδεντριά","negative"
"φουσκωμάρα","negative"
"φουστανέλα","negative"
"φραγκόπαπας","negative"
"φρεναπάτη","negative"
"φρενίτιδα","negative"
"φρεσκάδα","positive"
"φρίκη","negative"
"φρικιάζω","negative"
"φρίττω","negative"
"φρόκαλο","negative"
"φρόνημα","positive"
"φρούτο","negative"
"φτου","negative"
"φτωχαδάκι","negative"
"φτωχός","negative"
"φυλλάδα","negative"
"φώκια","negative"
"φωλιάζω","negative"
"φωστήρας","negative"
"φωτίζω","positive"
"φωτορομάντσο","negative"
"χάδι","positive"
"χαζοβιόλα","negative"
"χαζοβιόλης","negative"
"χαζοκούτι","negative"
"χαζοπούλι","negative"
"χαζούλιακας","negative"
"χαζοχαρούμενος","negative"
"χαϊμαλί","negative"
"χαιρεκακία","negative"
"χαιρέτημα","negative"
"χαιρέτισμα","negative"
"χαιρετισμός","negative"
"χαιρετούρα","negative"
"χαίρομαι","positive"
"χαίτη","negative"
"χαλάζι","negative"
"χάλι","negative"
"χαμάλης","negative"
"χαμάλης","negative"
"χαμηλοβλεπούσα","negative"
"χαμογελώ","positive"
"χαμομήλι","negative"
"χαμόμηλο","negative"
"χαμουτζής","negative"
"χάνι","negative"
"χαντούμης","negative"
"χαπάκιας","negative"
"χάπι εντ","positive"
"χαρά","positive"
"χάρβαλο","negative"
"χαρέμι","negative"
"χάρη","positive"
"χαρίζω","positive"
"χαριτόβρυτος","negative"
"χαρτο-","negative"
"χαρτοβαασίλειο","negative"
"χαρτοβασίλειο","negative"
"χαρτογιακάς","negative"
"χαρτομάνι","negative"
"χαρτόμουτρο","negative"
"χαρτοπόλεμος","negative"
"χασάπης","negative"
"χασίκλας","negative"
"χασικλής","negative"
"χαχόλος","negative"
"χεζάς","negative"
"χέζας","negative"
"χεζού","negative"
"χειραγωγώ","negative"
"χειροκροτητής","negative"
"χιλιάκριβος","positive"
"χιούμορ","positive"
"χοντρέλα","negative"
"χοντρομπαλάδικο","negative"
"χοντρομπαλάς","negative"
"χοντρομπαλού","negative"
"χοντρομπαλούδικο","negative"
"χοντρόπετσος","negative"
"χορεύω","positive"
"χορταίνω","positive"
"χορταστικός ","positive"
"χορταστική","positive"
"χορταστικό","positive"
"χρησιμοποιούμαι","negative"
"χρησιμοποιώ","negative"
"χρυσαφικό","negative"
"χρυσίο","negative"
"χρυσοκάνθαρος","negative"
"χτυπώ","negative"
"χυδαϊσμός","negative"
"χυδαϊστής","negative"
"χωριατάκι","negative"
"χωριάτης","negative"
"χωριατιά","negative"
"χωριάτικος","negative"
"χωριάτισσα","negative"
"χωριατομάνι","negative"
"ψάρι","negative"
"ψαροκασέλα","negative"
"ψείρα","negative"
"ψειριάρης","negative"
"ψευδαίσθηση","negative"
"ψευδαισθησία","negative"
"ψευδαισθητικός ","negative"
"ψευδαισθητική","negative"
"ψευδαισθητικό","negative"
"ψευτοκουλτουριάρης","negative"
"ψηλώνω","positive"
"ψιλικατζής","negative"
"ψιλικατζίδικο","negative"
"ψιλικατζού","negative"
"ψιμύθιο","negative"
"ψοφο-","negative"
"ψοφολογώ","negative"
"ψυλλιάζομαι","negative"
"ψυχάκιας","negative"
"ψυχανεμίζομαι","negative"
"ψυχανώμαλος","negative"
"ψυχεδέλεια","positive"
"ψυχεδελικός ","positive"
"ψυχεδελική","positive"
"ψυχεδελικό","positive"
"ψυχή","positive"
"ψυχοπλάκωμα","negative"
"ψυχοπλακώνω","negative"
"ψυχοπονώ","negative"
"ψυχρός ","negative"
"ψυχρή","negative"
"ψυχρό","negative"
"ψυχρότητα","negative"
"ψωλαράς","negative"
"ψωλή","negative"
"ψωμόλυσσα","negative"
"ψωνάρα","negative"
"ψώνιο","negative"
"ψωνισμένος","negative"
"ψωριάρης","negative"
"ψωρίλας","negative"
"ψωρίλος","negative"
"ψωροκακόμοιρος ","negative"
"ψωροκακόμοιρη","negative"
"ψωροκακόμοιρο","negative"
"ψωροπερήφανος","negative"
"ψωροφιλότιμος","negative"
"ωμός","negative"
"ωμή","negative"
"ωμό","negative"
"ωραίος","positive"
"ωραία","positive"
"ωραίο","positive"
"ωρύομαι","negative"
"ωσάν","negative"
"ωτακουστής","negative"
"ωχριώ","negative"
